,Name,urlwebsite,Description
0,Green,https://www.mobilitytechgreen.com/,"As the leader of B2B carsharing in Europe, Mobility Tech Green supports businesses and communities in the development of car sharing solutions."
1,Bean's,https://www.beanspro.fr,
2,Prevision,https://prevision.io/,
3,Techinclic,https://techinclic.fr/,"A computer problem? We accompany you at home, contact us! Fast response. Customized solutions. Professional team."
4,PROTEKTOOL,https://protektool.com/,"Avoid touching surfaces contaminated by viruses, bacteria or other microbes. ProtekTool these are tools that allow you to no longer touch doors, screens, payment boxes or any potentially contaminated object or surface. Protect yourself effectively."
5,Art4design,http://www.art4design.fr,"Art4Design offers a new life to old furniture, damaged by individuals, bars or hotels by using artists."
6,Prismea,https://www.prismea.fr/,
7,Domani,https://www.domani-ess.com/,Domani: offer elderly people who have lost their autonomy a family alternative to retirement homes (EHPAD) and home care
8,Students,http://www.meet-bs.com,"Meet is a meeting site, exclusively for students in business schools. It allows to meet students who practice the same thing as you."
9,Pandaloc,http://www.pandaloc.com,"Owners who manage their real estate with Pandaloc have more time and less stress. Publish your rentals, review the tenants and cash the rents. All in the same place, for free. Renter, drop your file here "
10,Dago,https://www.alefadago.com/,Madagascar is part of the largest island of the trapeze of mascareignes. Discover this paradise island in the heart of the Indian Ocean.
11,studio,https://sykostudio.com,"Experiential training products hospital sector and soft skills. Integrating immersion, actions and emotions for really impacting training."
12,illicco,https://illic.co,"Discover illicco, the first local delivery service, directly from the shopkeeper to the consumer!"
13,Qoeur,https://qoeur.fr/,"A medical bracelet on which a QR code is located, by scanning it will appear an emergency medical card. This medical identification bracelet informs among other things your allergies, your treatments, your blood type as well as the people to contact. A connected jewel, useful and elegant available in jewellery"
14,Allyane,https://www.allyane.com,"Thanks to neuromotor reprogramming, Allyane allows you to find a gesture or movement efficiently, quickly and sustainably."
15,Digital,https://www.reposdigital.fr,Repos Digital supports you in the deletion of data and the termination of the contracts of a deceased. The management of social networks and energy suppliers after death.
16,Deescut,https://deescut.com,
17,LOLO,https://www.lolo.paris/,"LOLO, the French lingerie brand that offers aesthetic bras, comfortable and eco-responsible made-to-measure!"
18,CitizenWave,https://www.citizenwave.com/,"Discover Citizenwave, the Collaborative Analytical Platform for the Engagement of People and Organizations in a Collectively Responsible Approach"
19,Circul'Egg,https://circulegg.fr/,
20,Datategy,https://datategy.net/fr/accueil/,"We develop flow analysis platforms based on a predictive algorithm of Artificial Intelligence, 100% Cloud."
21,imagino,https://www.imagino.com,"""Manage your data efficiently with a single platform."""
22,pro,https://stig.pro,"Stig.pro is a simple and powerful app, available on mobile and desktop. It allows you to engage a real-time community around previously chosen themes."
23,Meeting,https://www.alfredmeeting.com,"The free location search service for Seminars, Meetings and Evenings. Paris and France. Receive immediately a selection of tailor-made venues at the best rates. Benefit from our event expertise."
24,Altior,https://altior.fr/,"The management software to simply structure your industrial enterprise. Integrate your entire industry (GPAO, ERP) by achieving savings."
25,Normes,http://horsnormes.co,"The anti-gaspi of good products! Organic anti-gaspi fruit and vegetable baskets delivered everywhere in Paris, with good products and at the right price. Receive every week a basket of fruits and vegetables grown in France, in season and from organic farming."
26,HelloGova,https://hellogova.com/,"Looking for your next car? Find your car in 5 min, free and without commitment, thanks to your virtual advisor Hellogova bringing together +25 years of automotive expertise."
27,Sommelier,https://tontonsommelier.com/,"The oenoludic solution at home, to learn about wine through the game. Combine theory and practice with a blind tasting and our hundreds of questions on all themes: viticulture vinification, appellations, grape varieties"
28,Français,https://www.onachetefrancais.fr/,"The market place that brings together articles manufactured or produced in France, delivered directly to you."
29,EVALTONBIZ,https://evaltonbiz.fr/,Intuitive and visual tool for financial projections and analysis. Define and evaluate your business strategy with automated forecasts.
30,clac,https://www.clicnclac.com,"Finding your internship abroad has never been easy and more affordable. Internships in Australia, Canada, USA, Europe, and everywhere in between."
31,Sportnovae,https://www.sportnovae.com/,
32,Value,https://matchingvalue.com/,Confidential coach for corporate transmission. Create your exit plan to increase the sales value of your business.
33,Fauteuils,https://www.lafabriqueafauteuils.com,"Notice to handymen concerned with the environment and the composition of their furniture. La Fabrique à Armchairs offers eco-responsible, design and durable seats, made in France in our small workshop next to Bordeaux with natural materials."
34,Mafoire,http://www.mafoire.Com,
35,Ezus,http://ezus.io/fr,"Travel software for independent and tailor-made agencies. Designed for receptive (DMC), travel agents and events to manage your activities from A to Z."
36,Rocambole,https://rocambole.io/,Discover the Rocambole series to read in 5 minute episodes on our app.
37,HEATZY,https://heatzy.com/,Heatzy develops heating solutions that are within everyone's reach to help save energy
38,Paris,https://qreparis.com,"Our nutricosmetic formulas use research to rethink the beauty of the interior. With lasting results and patented plant extracts, our care respects your body."
39,Compta,https://www.dougs.fr/,"Cheap accounting expert: Dougs is the only online accounting expert 100% without paperwork. Your cheaper online accounting, from 49€/month."
40,Popee,https://popee.co/collections/all,
41,Halal,https://www.legourmethalal.fr,Order exceptional halal products directly delivered to your home online! Our fine grocery store offers a unique selection of artisans and products.
42,LaSèche,http://www.laseche.fr,Three times as likely to be slim with our ultra motivating approach. Discover a personalized sport and nutrition program accessible to all. French slimming program best rated on Facebook and Google (4.9/5). Rewarded weight loss!
43,Family,https://www.happyfunkyfamily.com,"Personalized and custom family portrait from your photos. Because each family is a work of art, we put our international artists at your disposal to create YOUR FAMILY PORTRAIT!"
44,HuissiersOnline,https://huissiersonline.com/,"HuissiersOnline revolutionizes Huissier's demand for findings. Choose your Huissier based on its price, customer reviews and availability."
45,Quark,https://get-quark.com/,"Quark design and manufactures modular wall shelves. As simple as practical, discover our storage solutions: 100% Made in France. The perforated shelf for your home"
46,KIWIZ,https://www.kiwiz.io/,"Kiwiz is the Certification Solution of Invoices and Assets for eCommerce sites, 100% compliant with the anti-fraud law with VAT 2018!"
47,Eloa,https://www.eloa.io/,Collaborative credit and insurance distribution platform focused on customer relationship
48,Teamii,https://www.teamii.co,Teamii allows you to improve the quality of life at work (QVT) of your company. Ask for a demo and optimize the well-being and performance of your teams.
49,e-signum,https://e-signum.fr/,"Digital stamp and folder management to download. Only online with free trial, unit purchase or subscription to choose! Finally save time."
50,Ynspire,http://www.we-ynspire.com,Platform to connect with coaches in personal and professional development.
51,Vitt,https://www.wearevitt.com/fr/accueil/,Vitt is the VTC app you need if you are a VTC driver wanting to boost your profitability or a passenger looking for cheap rides!
52,Preste,http://www.preste.ai,"PRESTE is an AI company based in Paris and Kyiv. We build Machine Learning & Data Science solutions for businesses: computer vision, natural language processing, prediction, dynamic recommendations & graphs."
53,Widmee,https://widmee.com/,"A publisher and ESN specialist in the financial sector, Widmee supports you in digitizing your processes and optimizing your subscription paths."
54,Goodvest,https://goodvest.fr/,"Find out how Goodvest allows you to invest easily in the environment, equality, health... in a better future for you and for the world."
55,Noël,https://www.visioperenoel.com/,"Visio Santa Claus is the first French-speaking site for a live video conversation with Santa Claus, an unforgettable moment!"
56,SmartGarant,https://www.smart-garant.com/,Need accommodation quickly? SmartGarant boosts your file and guarantees for you regardless of your situation. An answer within 24 hours.
57,Pungao,https://pungao.fr/,
58,Cap,https://www.premiercap.fr/,"First-Cap, 100% online school orientation. Choose your professional coach and build together a project of orientation or reorientation of studies stable and structured according to your personality, motivations, desires and ambitions!"
59,somanyWays,https://www.somanyways.co,
60,Onlyone,https://onlyonecard.eu/,"Onlyone is the first account that puts the interests of the planet and society first. Help create an ethical, positive and sustainable banking world."
61,Cocoparks,https://cocoparks.io,"The solution app to park in the city, find a parking space, parking, cheaper, faster."
62,Beaugrain,https://www.beaugrain.com,"A rigorous selection of very high French meats, certified creamy, fruit and vegetables from reasoned agriculture, delivered everywhere in France"
63,ADEPEM,https://www.adepem.com/,"Spare parts for household appliances (dishwasher, oven, washing machine, refrigerator, etc.), garden heating and tools for all brands (Whirlpool, Bosch, Brandt, Electrolux...). Online or directly in Paris 10eme, order from Adepem.com, 1st dealer of parts detachees since 1981."
64,Touch,https://roomintouch.fr/,"A turnkey, customizable, ergonomic and premium service for an optimized customer experience!"
65,Teebike,https://teebike.ooo/,"Teebike designed the first electric bike front wheel, which you can easily install on the bike you own."
66,WEPILOT,https://www.wepilot.fr/,WEPILOT is a solution for optimizing performance. Tips and tools for optimizing business processes include collective intelligence.
67,Vizapp,https://vizapp.fr/,"Before you buy a second-hand item, have it controlled by trusted people."
68,Bstaff,http://hirebstaff.com/,Global communication agency able to represent you on an ad hoc or regular basis in your digital and event communication.
69,nc,https://mobiplus.nc,Mobiplus.nc: Send your Mobitag SMS in NC. SMS for New Caledonia. Send Mobitags easily and quickly
70,Cocoparks,https://cocoparks.io,"The solution app to park in the city, find a parking space, parking, cheaper, faster."
71,rzilient,https://www.rzilient.club/,"Simplify the management of your IT fleet: for rent as well as for purchase, 100% reconditioned, rzilient manages it for you from A to Z. All services included."
72,PubliXL,https://publixl.com,Win more public procurement thanks to the simplicity of our application and the power of artificial intelligence
73,FairFair,https://fairfair.com/,"FairFair is a professional network of skilled locksmiths specialized in emergency troubleshooting. It offers an efficient, honest and fast troubleshooting service."
74,Ulysse,https://ulysse.travel/,"Book cheap flights with Ulysses, a new generation flight comparison. Buy airfares for thousands of destinations around the world."
75,ALTURGENCES,https://www.alturgences.com,"Quickly and free of charge, find an appointment-free consultation with a healthcare professional near you in just a few clicks."
76,INOVREL,https://inovrel.fr/,
77,Sinao,https://www.sinao.fr,"The simple and powerful estimate/invoice and accounting software that provides you with useful information to drive your business, without commitment. Custom support and support 7j/7"
78,VISITADOM,https://www.visitadom.fr/,"Visitadom, the platform that connects patients and health care practitioners at home."
79,Perso,https://www.votrecoachperso.fr/,Boxing coach in Paris and Paris region. Private lessons in Thai boxing and CROSS MUAY THAI with a graduate boxing coach.
80,Marquerie,https://marquerie.co/,Are you a retailer? Source new French brands and reduce your risk of unsold products. Make your customers discover new products and support the creators.trix.s French.e.s Branding is a platform for bringing professional buyers and independent brands together.
81,TrackPay,https://trackpay.io/,The smart billing tracking solution. Accelerate your customers' payments and free yourself from your restarts. Try our solution for free.
82,Agrivillage,https://www.agrivillage.fr/,AgriVillage is a platform dedicated to agritourism. Stay on the farm and participate in a typical activity of your destination.
83,Blanche,https://www.sauceblanche.fr,
84,youzd,https://www.youzd.fr,"Moblier, appliances, decorating: empty and equip your house with your second hand, without moving from your sofa!"
85,Feat-y,http://www.feat-y.com/,A site using WordPress
86,Promomusique,https://promo-musique.com/,The best Music Promotion platform in Playlist for Artists. Promoting your Music Clips and Singles is the mission of our Marketing team
87,CamGame,https://camgame.io/,
88,Ship&Co,https://www.shipnco.io/,Connect to an infinity of mobility solutions thanks to Ship&Co's turnkey platform that integrates easily with your tools.
89,QUARTZ,https://helloquartz.com/,Quartz supports you in the definition of your risks as a professional (the) s. We offer simple and clear protection solutions and always stand by your side to help you.
90,ThePerfClub,http://theperfclub.com/,"ThePerfClub allows coaches and athletes to plan, analyze and improve their performance."
91,&co,https://sol-et-co.com/,"Sol &co is a consulting office made up of a team of scientific experts specializing in soil sciences and urban planning, which accompanies you in the study, preservation and optimization of the agronomic characteristics of your soils through soil interventions, training and animations."
92,Rentli,https://rentli.fr,
93,Pappers,https://www.pappers.fr/,"All companies with their balance sheets, statutes, turnover, directors, shareholders, fund raisings, legal announcements, APE number, NAF, VAT, RCS, SIREN, SIRET."
94,Maitricks,https://maitricks.com,[:fr]Discover our tools designed to help you grow your business. Find the ideal solution for your business.[:en]Check out our SaaS tools that help you to monitor your digital strategy.[:]
95,Holeest,https://www.holeest.com/fr/,"Touch the right candidates through the Dissemination of your Job Offers on the Web as a whole, improve the reach of your Employer Brand Messages."
96,Catcher,https://www.cvcatcher.io,"Give a boost to your employer brand and revolutionize your candidate experience with CV Catcher, by offering an innovative matching solution on your career website!"
97,Kumquat,https://bykumquat.fr/,"With Kumquat bring together all your Office Management services on one provider: cleaning, coffee, fruit baskets, snacks... in Paris / Nantes"
98,ZeClef,https://www.zeclef.com/,"ZeClef is a solution that connects micro-entrepreneurs with companies with a need for professional cleaning, among other things, whether regular or punctual. Stakeholders, are independent providers, however sorted and qualified, covered by AXA insurance, who have skill levels ranging from basic to specific. Our offer is accessible, flexible, tailor-made, digital &amp; guaranteed to guarantee you professional cleaning of your premises and accompaniment"
99,ProspectWith,https://www.prospectwith.com/,ProspectWith is one of the larget company databases with more than 5 million companies and 50+ data points updated weekly. Are you ready to scale your prospecting?
100,Éducation,https://www.activites-educatives.fr/,"Educational Activities A must-have educational partner in Île-de-France, we are committed to making education culture and leisure accessible to all and everywhere. Choose education and fun!"
101,Geranimo,https://geranimo.fr,"From croquettes to well-being, your pet is in good company! Find the most suitable products, services and advice on Geranimo."
102,WiKer,https://www.wiker.fr,
103,DeepClimb,https://www.deepclimb.io/fr,Resolve climbing with AI
104,Tikflow,https://tikflow.co,The page you are looking for doesn't exist or has been moved.
105,Fraise,http://lafraise.co,
106,Stickette,https://www.123-stickette.fr/,Professionals and individuals: all your label needs! (tailor-made or everyday)
107,Green-Got,https://green-got.com,"Don't let your money go to the bank to finance global warming. With Green-Got, change the deal by financing only the ecological transition."
108,tesla-4u,https://tesla-4u.com/fr/accueil/,"application for tesla, T4U ios, android, application for tesla, electric vehicle, supercharge, battery, travel, efficiency"
109,BusinessFirst,https://www.businessfirst.io/,Join the network that brings together the leaders of each Tech ecosystem. Generate new leads and access strategic information on your market.
110,GererMaBoite,https://www.gerermaboite.com/,"Easy online accounting software and business management for TPE. Free trial of 1 month. Subscription without commitment from 9,90 € tax excl. per month."
111,OfficeRiders,https://www.officeriders.com/fr,
112,Skeepit,http://www.skeepit.com,"Skeepit. Skip the line, keep your time. Never tail again."
113,Paye,https://listopaye.fr/,"Automate the production of your pay. With Listo, you access ultra-simple and efficient online payroll software, backed by an expert social service to save you time and money on your pay."
114,Coq,https://legoutducoq.com/,Monthly gourmet box for a gourmet menu 100% French craftsmanship. Offers and gift cards available in classic or vegetarian formulas
115,TeleVets,https://televets.fr,TeleVets: Visit your veterinarian online via veterinary teleconsultation or clinic. Find and consult veterinarians near you!
116,Bötanica,https://www.capbotanica.com/fr/,Shop powered by PrestaShop
117,Joyeuse,https://www.joyeuse.io,"A funny cube that tells a story or sings a rhyme when you shake it 3 times. A baby version 0-2 years and a version 2-7 years. 3 hours of listening, open to MP3. Made in France."
118,Environnement,https://tricycle-environnement.fr/,"Tricycle Environment: collection, sorting and recycling of your waste, site emptying, purchase of your furniture and professional equipment."
119,HydroCool,https://hydrocool.fr,"Leader of hygiene solutions for the public. HydroCool develops a wide range of vending machines, contactless, robust..."
120,Vizyr,http://www.vizyrtime.fr,
121,Déchaînés,https://www.lesdechaines.fr/,"Play tennis in Paris, Lyon, Bordeaux and Rouen in 30 seconds in one of our clubs open to the public, without commitment and from 11 €"
122,SIVAN,https://www.sivan.io,"With Sivan save time, productivity and manage your staff."
123,FRANCE,http://www.monmasquedefrance.fr,
124,Pushoose,https://www.pushoose.com,Discover the best French brands of eco-responsible products at smart prices! Want to make an original gift at discount prices?
125,PIMPANT,https://pimpant.co/,"Green laundry, healthy and efficient to do at home in 2 min. Choose your formula, we send it directly to you! Pimpant, eco responsible laundry and Made in France that takes care of your skin and the planet."
126,Dismiic,https://dismiic.com/,"With thousands of users all over the world. Meet, chat and share through publications."
127,Appart,https://visitemonappart.com,Visit My Appart helps to digitize your agency by putting your client at the center of your attention.
128,Closet,https://mygoldencloset.com/,1st French platform for renting clothes and accessories between individuals. My Golden Closet is the Vinted rental!
129,Pied,https://www.1kmapied.com/,1km to Foot is a Home-Work route management platform that helps you to perform your mobility diagnosis on the basis of the HR file and automatically generates your Personalized Home-Work Internal Mobility Plan up to the identification of inter-site mutations.
130,Captain'Conso,https://www.captainconso.fr/,"Individuals, condominiums - Optimize your energy costs at no extra cost!"
131,Star5,https://star5.ai/fr/accueil/,Perception of your brand. Customer reviews tell you everything about your brand. Improve customer perception of your brand
132,Myrmoo,https://www.myrmoo.com/,"Myrmoo, the innovative, tailor-made and free advice of your savings: find the rare pearl of investments! 100% independent and +of 80 compared establishments: PER, Life insurance, Livret, Immobilier, Epargne Verte, Locale and Responsable! Myrmoo, the start-up that is committed to the French saver!"
133,Neosilver,https://neosilver.fr/,"Discover in Paris, Lyon and Nice in presentation and in the rest of France from a distance sports, artistic, cultural and...See more"
134,Lehéron,https://leheron.fr,Comparison site
135,Infirmier,https://www.mon-cabinet-infirmier.com,Be a liberal nurse with ease. Are you looking for a local in Paris or want to reduce your rent? Domiciliate at My Nurse's Office. Are you running under administration and late payment? We also manage your administrative procedures and your billing.
136,DAQSAN,https://daqsan.com/fr/,Daqsan is a publisher of health software for hospitals and clinics. We offer IPR protection and account certification solutions.
137,Zola,https://www.coachzola.com,"Cultivate with Zola, our culture coach, creating custom reading programs"
138,DROMY,https://dromy.fr,Dromy is a 100% environmentally friendly delivery service and its employees.
139,Atelier,https://www.lebonatelier.fr/,"Kreezalid provides a reliable Online Marketplace platform so you focus on building your company! Integrated hosting, shopping cart and Online Marketplace payment solution all in one!"
140,Thriès,https://thries.fr,"Administrative support service, commercial support, project follow-up, pro concierge... We free entrepreneurs from time-consuming tasks."
141,ylomi,https://www.ylomi.net/,
142,WOOKAL,https://wookal.com/,"Find, compare and book the best activities and experiences near you. Sport, wellness, gastronomy, culture, find things to do according to your desires."
143,ARTIFAKT,https://www.artifakt.io,All-in-one DevOps solution that help developers deliver their code easily all the while offering modern cloud infrastructure to power your business.
144,AccioIbis,https://www.accioibis.com,Evaluate & grade your IELTS/TOEFL writing and speaking scores in just SECONDS with instant corrections and suggestions with Artificial Intelligence
145,Flycup,https://www.flycup-packaging.com,"Flycup offers responsible packaging, 100% recyclable, made in France that revolutionizes the consumer experience"
146,Unsold,https://unsold.fr,The Unsold app's mission is to save the unsold from the loan stores to wear around you. A good way to engage for the planet at a low price.
147,gloo,https://gloo.social/,your friends in real life
148,Dropshipprint,https://dropshipprint.fr/,Your T-Shirts printed in DropShipping
149,Limonetik,https://www.limonetik.com/about-us/,"We are Limonetik - Learn more about us! - Our company, our team and Limonetik values - Solution for payment and acquisition"
150,Uptale,https://www.uptale.io,"The Immersive Learning platform designed for businesses to create, share and track training modules in 360° and Virtual Reality. Any device and LMS."
151,Waggon,https://waggon.io/,Waggon is a networking platform for the Crafts of Planning and Architecture in the B2B.
152,MEDIMPRINT,https://www.medimprint.org,Medimprint reaches inaccessible areas of the brain to guide treatment in cancer and Parkinson's disease
153,MaGarantie5ans,https://www.magarantie5ans.fr/,
154,Refectio,https://www.refectio.fr/,Refectio is a platform dedicated to making furniture. Quickly find the craftsman who will give a new life to your furniture!
155,Easytroc,https://www.easytroc.fr/,"Discover the free barter between individuals and professionals, available in all the departments of France..."
156,Humapro,https://humapro.re/application-sirh-une-solution-complete-et-innovante/,
157,Eco,https://remixglass.com/,
158,Alpissime,https://alpissime.com,
159,Nenuu,https://www.nenuu.fr/,"Revolutionize the consumer experience with Nenuu, practical disposable dishes, ecological, and customizable for all your events."
160,Dropizi,https://www.dropizi.fr/,Dropizi is an innovative ecommerce solution to create a professional Dropshipping online store. Test free and without commitment!
161,CUISINE,https://www.urbancuisine.io/,"Many varieties of fruits, vegetables and aromatic herbs to be grown easily at home all year round. Products made in france, seeds labeled organic farming."
162,Planless,https://planless.io,"Planless.io is an all-in-one project management tool that raises Artificial intelligence to constantly, instantly and automatically calculate who on your team should do what and when."
163,Français,https://yakafrancais.fr/,Yaka français is the eco-responsible market place of Made In France (Made in France). You will find guaranteed products made in France.
164,MOSC,https://www.mosc-fr.app,MOSC is a mobile app that allows you to add and compare online products from your favorite stores in one click in a universal basket and be notified in real time when they benefit from a price drop.
165,Tandemz,https://www.tandemz.io,"Get insights from real users with Tandemz, the self-service testers recruiting platform for all your user research needs."
166,Kuso,https://kuso.fr,"Are you looking to animate your social networks in a professional way? Contact Kuso, the first agency specializing in real estate professionals."
167,Pressing,https://mylittlepressing.com/,"My Little Printing, your cleaning that delivers you wherever you want, whenever you want in Lyon! A quality service and with a smile, simply."
168,Worldia,https://corp.worldia.com/fr/,"What if selling an à la carte trip was within your reach? Whatever your area of activity, Worldia will accompany you on this new adventure."
169,Lokimo,https://lokimo.ai,Find the best real estate investment opportunities through data science and artificial intelligence.
170,Eventeus,https://eventeus.com,Eventeus.com your Marketplace for Talents. Book unique Talents for your tourism events and experiences around the world. Join your community Now
171,Livetalk,https://www.livetalk.fr,Livetalk is a mobile app that allows you to create conversations around different events or themes easily. Livetalk is available on iOS and Android.
172,Kamember,https://www.kamember.com/,Valorize your data thanks to our interactive dashboard!
173,Luko,https://www.luko.eu/,"Discover the simple and transparent Habitation Insurance that protects your home. Like 60,000 French, go to Luko in 2min from 5€ /month without commitment."
174,Demodha,https://www.demodha.com/,"Online shop committed for ecology and zero waste: together, let's reduce our waste gradually at a small price. All alternatives to plastic are 100% eco-responsible, organic, vegan, and from French handicrafts. The objective: to consume responsibly, and concient by being a consumer's actor!"
175,Family,https://album-famille.com/,"With Album Family, quickly create your photo albums with family or friends. Each one shares his photos, and you receive the paper album at home, effortlessly! From €4.99."
176,TUTOVELO,https://www.tutovelo.com/,Discover and learn all the bike mechanics!
177,leaflong,https://www.leaflong.fr/,"Create your style, change your pocket, keep your clothes! Let's transform our fashion consumption in a sustainable and responsible way."
178,Wegogreenr,https://www.wegogreenr.com/,Find and book eco-responsible accommodation and activities everywhere in France to enjoy more and to pollute less.
179,Bandit,https://www.bandit-paris.com/,"Dog harness, necklaces, personalized medals. Solid, solid & made in France. For his band, Bandit has imagined accessories for dog and cat 100% fun + 100% solid = 200% reasons to adopt Bandit"
180,COLIBREE*Intergeneration,https://www.colibree.fr,"You are RETRAIT.E.S and you have a room available for rent on a short or long term... You are STUDENT.E.S and you are looking for a room for rent... You are in the right place! Welcome to COLIBREE*Intergeneration: the 1st national platform for direct contact and booking of intergenerational cohabitation, between students and pensioners, short or long term based on a MATCHING profiles. We communicate differently on the concept of intergenerational cohabitation: a simpler, positive and non-stigmatizing information. A blog to highlight news and good plans seen by COLIBREE*Intergeneration"
181,shido,https://shido.fr/,"Discover our Garden Box that allows you to create an original, organic and playful vegetable garden with the tracing kit and photo comic book. Organic seeds included."
182,EatsPossible,https://www.eatspossible.fr/,"EatsPossible: Health, nutrition, recipes, allergies, intolerances and a healthier and more ethical way of life."
183,Activhandi,https://activhandi.fr/,"Find your leisure sports activity, your walk, a good plan... For people with disabilities & accompanying!"
184,Modalova,https://www.modalova.fr/,"Compare with Modalova more than 2,000,000 fashion products thanks to our 10,000 partner brands. The best Women and Men fashion items selected for you."
185,inoa,https://www.inoa.co/,"The inoa crackers correspond to a balanced and organic meal. Rich in protein, fiber, Omega 3, vitamins and minerals. Gluten-free. Vegan."
186,Planedenn,https://www.planedenn.com/,"Eco-friendly products zero waste for home: world of kitchen and bathroom eco-responsible, energy saving, bags and gourdes reusable. Innovative and committed concept"
187,Capté,https://capté.fr,Captured is the tool to create subtitles easily. It is ergonomic and efficient to make your life easy!
188,Troov,https://troov.com,Have you lost an object? Troov refers to all lost and found objects in partner places. Place an ad!
189,Kidcab,https://www.kidcab.fr,"Kidcab accompanies children between the ages of 3 and 18 years in need of daily travel on weekdays, weekends, but also during school holidays."
190,Aimoki,https://www.aimoki.com/,The page you are looking for doesn't exist or has been moved.
191,Tessan,https://www.tessan.io/,"Tessan offers a connected medical practice equipped with 7 connected medical devices, controlled remotely by the doctor during teleconsultation."
192,!,https://www.mazette.club/,"Discover the MAZETTE vegetable pickles! Organic, harvested and cooked in France. Pickles is the new pickle!"
193,SNAPKEY,https://www.snapkey.fr/,Commercial & Business Real Estate
194,Okybox,https://www.okybox.com,"Idea Gift - Whatever the occasion, Okybox offers you a wide range of gift boxes. Choose an original gift box and the recipient will make his selection from our gift collection. You are sure to please"
195,Verte,https://pauseverte.fr/,
196,Trustbeauty,https://www.trustbeauty.io/,Are you a cosmetics brand? Test our influence marketing platform that meets all your needs.
197,Eye,https://apps.apple.com/gb/app/pop-eye/id1345925798,"Pop Eye is the first video classifieds platform: easily find the best qualified service provider near you - Babysitter, sports coach, home assistant, private lessons - thanks to a 30-second video classifieds zapping. More authentic..."
198,Stash/,https://remotestash.fr/,
199,WASTER,https://waster.fr/,"Do you need to go to the waste shop? Thanks to Waster, a neighbour takes care of it for you. Waster is a collaborative platform between individuals for waste disposal"
200,Bsoft,https://bsoft.fr/,
201,Cotoit,https://www.cotoit.fr/,"Cotoit, a collaborative platform offering a la carte services and smart tools that reinvent the pro trustee, to live the condominium in complete simplicity!"
202,Startinop,https://www.startinop.com,"Develop each other! Startinop is a francophone platform that allows you to sell or buy quality services: Translation, Writing, Development, Coaching, Design..."
203,TACYLATE,https://www.tacylate.com/,"Discover the Mower Cleaner, a simple way to clean lawn mowers. Tacylate is a start-up for innovation and marketing of new products."
204,Vibris,https://vibris.immo,Plan at 5 years the evolution and the price per m2 of a neighborhood everywhere in France for professionals and individuals who want to invest in real estate.
205,VROOMER,https://www.vroomer.fr/,"Find the car garage at home for the maintenance of your car. 7j/7 home mechanics for overhaul/vidange, braking and distribution."
206,LINGUIFAMILY,https://www.linguifamily.com,"Language courses for teenagers, students and adults. Book a language course in total immersion from 250 euros/week in a family of trust in England, Ireland, Spain, USA, Italy, Malta, France. Possibility of language courses, intensive courses, preparation for exams by qualified teachers, sports activities. Free registration and travel insurance included."
207,Omedo,https://www.omedo.co,"Omedo reinvents the replacement in 100% mobile pharmacy. In just 2 minutes find a mission near you, when you want it."
208,Quicktext,https://www.quicktext.im,"Artificial intelligence powered chatbot and instant communication platform for Hotels. More revenues, more productivity and more guest satisfaction."
209,Hormilia,https://www.hormilia.com/,Hormilia - The first platform for Instagram's nano-influencers.
210,Kionect,https://www.kionect.com,"Safe, economical and practical. Kionect offers you a turnkey solution. Thanks to Kionect follow your energy consumption..."
211,francaischinois,https://francaischinois.com,"French-Chinese.com Training center Employment French-Chinese communication. Chinese French-Chinese courses, CV, Jobs, French-Chinese communication."
212,particuliers,https://biwiwi.com/,
213,Formalisdc,https://www.formalisdc.fr,"FormalisDC, online service for the management of formalities and procedures after a death, edition of personalized mails."
214,MaPetiteGazette,https://mapetitegazette.fr,The first collaborative newsletter!
215,Numérique,https://www.conciergerie-numerique.fr/,"Digital Conciergery is aimed at companies and offers small-scale computer and graphic services such as creation and modification of communication media, creation and preparation of newsletter templates, adaptation of images for social networks, creation of gifs, layout of documents, captioning of videos, declination of banners."
216,ChargeGuru,https://chargeguru.com/,"ChargeGuru is the leader in the installation of charging terminals for electric vehicles in France. Charging stations or sockets for any type of car or 2-wheeler. Installation in house and pavilion, condominium or corporate parking as well as in hotel and restaurant."
217,Factorial,https://factorial.fr/,"HR software for small and medium-sized enterprises. Leave and Absence Management, Time Tracking, Document Manager, HR Portal and more"
218,AZ,https://www.natureaz.com/,"Laboratory Nature AZ: Organic online herbalism, natural food supplement, herbal tea, bulk medicinal plant, quality pharmacy price."
219,DotMarket,https://www.dotmarket.eu/,"Audit, Contracts, Equestrian, Migration: DotMarket.eu takes care of everything to facilitate your online business buying/selling projects."
220,noCRM,https://youdontneedacrm.com/fr,"Simple and efficient, noCRM software allows commercial teams to focus on sales. Less time lost in input = more prospecting, sales and customers."
221,Covid-19,https://covidtroopers.fr,
222,Atlas,https://digi-atlas.com/,"1 We teach you how to find customers through digital marketing Next departures: 26 October / 30 November Digi Atlas, what is it? Digi Atlas, it is a training organization, which teaches you how to find customers and develop your business through Digital Marketing. And in concrete terms, it represents: 3 months of [...]"
223,Bucoli,https://www.buco.li,Escape in the middle of nature 2 hours from Paris in a high-end & eco-friendly Tiny House. Log out of stress & find the essentials. Ideal as a couple.
224,Elexi,https://elexi.fr/,Elexi takes you all over France for transfers to train station and airport by 100% electric vehicle and/or Tesla. All types of services.
225,Qualiplainte,https://qualiplainte.fr,"Victim of a criminal offence, harm to property or persons, QUALIPLAINT's lawyers help you to make COMPLAINT ONLINE"
226,Petzone,https://petzone.co,"Free mobile app dedicated to pet owners, #petalert #petsitting service for cats and dogs"
227,Pilto,https://pilto.fr,The wood outdoor game combining conviviality and naturality. PILTO® is a wood outdoor game entirely designed and manufactured in
228,Advisor,https://tool-advisor.fr/,Tool Advisor advises you the software that suits you. Free. Automatic. Independent. +1000 entrepreneurs already trust us.
229,NEOBRAIN,https://www.neobrain.io,Discover the 1st artificial intelligence capable of finely evaluating the available skills and accompanying your Upskilling strategy.
230,Courspep,https://www.courspep.fr,Find a private teacher among the ads of private lessons at home for all levels and throughout France on Courspep.
231,forfait,https://www.demenagement-au-forfait.fr/,"Move cheaply to Paris, Lille or Amiens by renting the services of professional movers. Low prices and quality of service insured."
232,SauverMonBar,https://sauvermonbar.fr,
233,NeoBarreau,https://www.neobarreau.com/,Quickly find your lawyer anywhere in France and make an appointment for free online in just a few clicks.
234,SportBeeper,https://sportbeeper.com/fr/,
235,ACTELO,https://www.actelo.fr,"Actelo is a software brokerage in credit, real estate credit, professional credit, and all types of real estate loans."
236,Mailo,https://www.mailo.com/,"Create your free email address on Mailo, a European, full and secure mail system. Here your emails are not read to establish your advertising profile."
237,Formalizi,https://formalizi.fr,You create or modify your business? Formalizi takes care of all your legal formalities from 60€. Focus on the essentials.
238,moins,https://lamarqueenmoins.fr/,"Discover the products of everyday life that are effective and healthy for health and for the planet. Household cleaners to do yourself, Ecocert dishwasher tablets, ecological laundry, all products are concentrated to the maximum to be delivered directly to your mailbox and at the right price."
239,VirtuelTime,https://www.virtueltime.com/,Virtual Tour for Business Embellish Your Digital Presence Google Business Increase Your Visibility Give your prospects an experience
240,MAPARENTHÈSE,https://ma-parenthese.com,"Your wellness place welcomes you 7/7 at 61 rue du Faubourg Saint Martin (Paris 10): Yoga, Pilates, Meditation, Natural Medicine, Organic meal"
241,NeoJusticio,https://www.neojusticio.com/,Quickly find your judicial officer everywhere in France and make an appointment for free online in just a few clicks.
242,GreenPonik,https://www.greenponik.com,GreenPonik - The vegetable garden assistant! We offer a range of connected objects to grow your vegetables everywhere and easily.
243,Gryzzly,https://www.gryzzly.io,"Unlock all your potential with Gryzzly, the chatbot slack that simplifies the harvest of working time, facilitates the monitoring of your projects and boosts their profitability."
244,Eliro,https://eliro.fr/,"Find the best offer for your corporate evening, group trip, seminar etc."
245,Spendways,https://www.spendways.com/fr/,"Compare credit cards, means of payment, bank accounts for couples, teens, travellers, entrepreneurs and businesses. Free cards, gold black and more."
246,Paramotors,https://www.exomo.com/,"EXOMO, ELECTRICAL PARAMETERS FOR PILOTS EXOMO electric paramotors are integrated propulsion sets, at the cutting edge of the technique, with a simple and quick implementation so that you can make the most of your flight!"
247,HOMYCAT,https://www.homycat.com/,"Official site - Innovative concept 100% Made in France of accessories and furniture design for the happiness of cats and harmony of your interior. Scrapers for cats, toys, poufs and cushions, cat grass."
248,AbracadaRoom,https://www.abracadaroom.com/,"AbracadaRoom selects unusual accommodation for you everywhere in France! Discover atypical places in the heart of our beautiful French regions: in enchanting settings, AbracadaRoom guarantees a unique stay off the beaten track! Lov'Nid, igloos, tipis, Hobbit dens,"
249,Audio,https://www.pytaudio.com/,PYT audio offers eco-friendly and design decorative wall panels to enhance sound and hearing comfort. Our products are award-winning.
250,DECONSEIL,https://deconseil.com,"Advice accompanies you: Estimation of your EDF bill, Free energy balance, Electricity simulation, Comparison of electricity offers with Linky."
251,Djiminy,https://www.djiminy.fr/,
252,PopLab,https://poplab.education/workspace/continuite-pedgogique-avec-poplab,
253,Tuttis,https://www.tuttis.fr/,Tuttis is a professional support platform based on the exchange of experience for nurses.
254,Monkeys,https://monkeysrider.fr,
255,SportRIZER,https://www.sportrizer.com/,Book your activities for your weekends and stays among thousands of activities in France and book online. Discover all the activities around you with SportRIZER.com
256,Whoog,https://www.whoog.com,"Based on the volunteering of internal or external healthcare professionals, recruiting and replacing becomes quick and easy with the Whoog solution!"
257,immobilier,https://alacarteimmobilier.fr,"With us, it is you who choose what you really need! Our Services Presentation video I offer you a moment to explain to you A real estate agency not like the others.. alacarte immobilier.fr is an innovative concept where you have the choice to sell individuals to individuals while having the opportunity to... Home Read more"""
258,SOFA,https://www.sofa-collaboration.com/,"SOFA is a collaborative tool that allows you to interact continuously on a project that you have in common and to see immediately what each one poses, corrects, completes, modifies!"
259,Edovino,https://edovino.com,"The concept of custom-made wine thanks to a blend of wines! A unique gift for you, your loved ones, or your wedding."
260,Redirection.io,https://redirection.io/,"redirect.io is the perfect tool for managing HTTP redirects for business, marketing and SEO."
261,Moneway,https://moneway.com,"A card, a payment account and an application in a free and free hidden offer. Vaultia is the first 100% French and 100% community neobank."
262,Lovys,https://lovys.com/fr/,
263,Gilbert,https://gilbert.paris/,The storage solution in Paris you need. Free home collection! Store without moving... Enjoy it today!
264,Adoptmarket,https://www.monfrenchcorner.com/,My French Corner is the shop-in-shop network that connects independent traders and the best French brands.
265,side,https://www.idside.eu/,ID side
266,PEOPULSE,https://www.peopulse.com/fr/,The best multi-supplier software for the management of temporary work. Master your use of temporary work!
267,Apprêtés,https://www.lesappretes.com/,The rental box of eco-responsible clothing and accessories to change mo (n) from
268,Circlely,https://www.circlely.green,Circular and local economy
269,Home,https://yachting-home.com/,"Yachting-home, the specialist in boat accessories: anti-slip dishes, cabin linen, teak furniture..."
270,Indexima,https://indexima.com/,"Indexima, a French software publisher, allows companies to access all their data to simplify and speed up analysis and data science, thanks to a unique indexing technology combined with machine learning.Robust and scalable, the solution allows organizations to interrogate all their data directly at the source, in volumes of tens of billions of lines in just milliseconds. It is the Zero Time to Data."
271,NATIBOX,https://www.natibox.fr,"Garden studio, 20m2 house extension: without building permit, ready to live and laid in 1 day. Make your garden an exceptional place!"
272,PROMOCADEAUX,https://www.promocadeaux.com/,We put you in contact with Goodies Experts for free.
273,Cozycozy,https://www.cozycozy.com/fr,"The comparator of all, all accommodations!"
274,Libeo,https://libeo.io,"With Libeo, collect, track and pay all your supplier invoices on a single platform. Without IBAN and with one click."
275,Borago,https://www.borago.eu/,
276,France,https://www.matchoffice.fr/,Finding a commercial place to rent in the area of commercial real estate is a difficult task. Find your place to rent in France with MatchOffice!
277,vie,https://www.lilyfacilitelavie.com/,"Quality of life at work - Reconciliation - CSR Lily, The digital platform that makes life easier for your employees Do you want to optimize the pro/life balance of your teams, increase their performance and reduce turn-over? Discover the Lily Quality of life at work solution - Reconciliation - CSR Lily, The digital platform [...]"
278,Eazen,https://eazen.fr,"The ideal and life-saving solution for all business leaders, HR managers or services making the safety of their employees a priority."
279,COPENTEAM,https://www.copenteam.com/,"Boost the commitment and team spirit of your employees within your company by involving the actors of the territory. (Sport, Arts and Culture, Well-being, Responsible Economy and Solidarity)"
280,Borobo,https://www.borobo.fr,"Autonomous land robots (service robot, corobot, racing cart, market stroller) capable of off-road and autonomous voice control locomotion. Book your Robot Ln!!"
281,MEMORY,https://inthememory.com/,"Discover our innovative customized solutions, using top of the class data science, to support you in taking fater, better and more profitable decisions."
282,Utily,https://www.utily.fr/,{{ metaDescription }}
283,Mipise,https://www.mipise.com/fr,
284,neufdixsept,https://neufdixsept.com/,Nineteenteen help companies to develop their employer brand.
285,LINKAB,https://linkab.fr/,"Linkab booking Taxis in Bordeaux. Linkab is a company specializing in the transport of people, dedicated to Taxis."
286,KATCHA,https://www.katcha.io,
287,WashMee,https://www.washmee.fr,The free washing solution dedicated to individuals and road professionals.
288,Leeve,https://www.leeve.fr/fr#home,"Mobile application to practice languages for free by meeting English, Spanish, Arabic, Japanese, Chinese, French, Korean, Vietnamese, Indian, Polish, Russian.. near and during your travels. Meetup with new people to do Language Tandem."
289,Choses,https://www.lespetiteschosesetmoi.com/fr/,Les Petites Choses Protections Hygieniques COTON BIO without endocrine disruptors and accessible
290,Coach,https://run-motion.com/,RunMotion Coach is an app created by passionate coaches and runners. Discover your personalized training plan and our running and trail tips.
291,Ratatool,https://fr.ratatool.com,"Your software to calculate recipes food costs from ingredients, estimate margin and ratios, manage your recipe forms, orders and nutrition facts labels"
292,Brigade,https://www.ma-brigade.fr/,Restaurant jobs in Paris and Île-de-France. We bring together the best opportunities and greatest talent in the sector! Find your next employee or employer here.
293,Novabooking,https://novabooking.fr/,Nearby hotel services
294,Flexigourmet,https://flexigourmet.fr,
295,future,https://elocky.com/,"eVy by Elocky is an intelligent, European, smartlock. Remote, virtual control and surveillance of your property, all from your smartphone with bluetooth"
296,Ecovelo,https://www.ecovelo.com,"Ecovelo, a turnkey self-service electric bike solution for all cities thanks to on-board technology and XXL ticketing."
297,Hierø,https://hiero-solution.com/,"Discover Hiero, the very first solution that accompanies professionals and individuals to find them a sworn translator."
298,Bevouac,https://www.bevouac.com/,"Bevouac, the real estate rental investment, simple in the old. Bevouac takes care of everything for you, from research, to the rental of the property. Key in hand."
299,Work,https://www.equallywork.com/,The platform for rating companies by employees under the prism of discrimination. Share your experience and access to company ratings
300,Livres,https://labourseauxlivres.fr,100% French platform to sell its books at a high price. Free shipping and unbeatable gains. Fast and easy to use.
301,Simplifiés,https://www.go-aos.io/,"Manage the Calls for Offers of your online real estate programs. The DCE is shared on AOS between the Masters of Works, Masters of Works and the building companies. Answers are done online. Simplify the processing of your BPU/DPGF in one click."
302,Widilo,https://www.widilo.fr,"Use the Cashback Widilo to be refunded up to 40% ✓ + 10,000 discount codes available ✓ Welcome bonus of 5€ ✓ Free registration ✓"
303,MUSIVE,https://musive.fr/,"Finally, change your way of learning music from a distance! Join one of the Workshops and you will be in contact with the musician artist who animes it."
304,Boss,https://www.glossandboss.com,
305,Records,https://runrunrecords.com,"Short run vinyl records cleaning plant & high quality dubplate cutting. Highly customizable, from one single disc to hundreds. 5/6 weeks & International delivery"
306,TinyBird,https://www.tinybird.fr,"Natural sweets, vegetal, without aroma, without dye, without preservative and made in france to combine gourmetism and well-being."
307,PICNIC,https://www.picnic.paris,"PICNIC - Design, manufacture, rental and sale of innovative Kiosks and Pop-up Stores: event, urban furniture, retail, services and animations."
308,TADATA,https://tadata-france.fr,"Every day, we make money on your back thanks to your personal data that are captured and sold. Take control of your data and earn money with it!"
309,Edusign,https://edusign.fr,Emerging Sheets Training ✓ Digital Presence Sheet ✓ Easy ✓ Fast and Digital ✓ Free Demonstration ✓ Best Price.
310,KAVIAR,https://www.kaviar.app/,"Enhanced Reality for all. Simple, fast, codeless online publishing platform + Mobile Solution. Import > Match > Increase: Turn your prints from reality into connected interactive media. Finally link print to digital."
311,ShoreTours,https://www.shoretoursguides.com/,"Private shore tours and excursions in Europe. Private local guides. High quality cruise excursions. Stress-free ""Sereniy Booking"". Customized tours available. Guaranteed return to ship for cruise passengers."
312,Garden,https://www.dmag.fr,"Let's create the garden that looks like you - The service to design, draw, plant, maintain and enjoy its garden."
313,BloomUp,https://bloomup.io/,"Discover Bloomup as a simple and collaborative tool to stay organized on a daily basis, even at a distance."
314,Comeeti,https://www.comeeti.com,"Comeeti is the first search engine for recommended event providers. A free service for your upcoming seminars, evenings, team building"
315,Plume,https://plume-app.co/,"Plume, a writing application, offers your children to develop their skills in written expression, to receive personalized advice, while having fun writing their own stories."
316,GO,https://www.sport-to-go.eu/fr/,"Sport To Go, application for sports professionals or practitioners fitness, crossfit, coaches, clubs, sports associations"
317,Aide-sociale,https://www.aide-sociale.fr/,"All the social assistance you can receive depending on your situation, job seekers, employees, students, pensioners..."
318,Robert,https://www.markandrobert.com/recruter-un-developpeur-freelance,"At Mark & Robert we managed to find and recruit the best developers in Bangalore, India."
319,Bexpat,https://m.bexpat.co,"With Bexpat, the aim is to make expatriation easier, more accessible and to find useful and necessary information."
320,Savr,https://gosavr.io/,Savr offers solutions to fight waste to the food industry. Fight against food waste and make people in need enjoy it!
321,Monibrand,https://www.monibrand.com/,Monibrand
322,Lemedecin,https://lemedecin.fr,"Make an appointment with a health professional (physician, dentist, paramedical) near you, free and fast. Simple and fast health service."
323,Marypop,https://www.marypop.com,"Find a babysitter who speaks the language of your choice, whenever you are! Discover Marypop, the leading platform dedicated to multilingual babysitters!"
324,Moov,https://flexymoov.com,
325,POD,https://www.tpop.eu,"Print On Demand number 1 in Europe: create your products and launch your brand easily. We print and ship to your customers automatically, branding to the top. T-POP, French supplier."
326,Sawyouu,https://www.sawyouu.com/fr/,"Sawyouu is a compliment box, creating a good mood, which allows its users to interact positively with each other by complimenting themselves in real time thanks to a geolocation system."
327,Archibien,https://www.archibien.com,"Individual or professional, you have a project of renovation, construction, extension? Archibien selects three architects to draw your project and accompanies you to choose the one you prefer."
328,POCO,https://www.poco-a-poco.fr,
329,Epicerie,https://www.myfrenchepicerie.com,The best French Terroir products made by small producers in the South West &#10004 100% artisanal &#10004; Delivery in France and also internationally
330,Market,https://voice-market.io/,VoiceMarket is the only platform bringing together VoiceTech players to promote their voice technologies and facilitate their accessibility.
331,Linguali,https://linguali.com,Linguali providers simultaneous interpretation and silent meetings to participants' smartphones
332,Websie,https://websie.co,Consult an online psychologist: by messages on WhatsApp or by phone. An assistant will help you find the right person for your needs.
333,Technologies,https://berty.tech,We build tools to enhance communication freedom
334,Afyren,https://afyren.com/,"AFYREN offers industrialists bio-based substitution molecules, thanks to its environmentally friendly technology based on natural micro-organisms"
335,l'Heure,https://www.tuteuralheure.fr/,Home school support startup. All private lessons are provided by students from major schools and universities.
336,cloud,https://lota.cloud,Lota.cloud is the ideal FinOps tool to optimize your cloud business spending. Discover our platform and simplify your cloud management.
337,KwikCity,https://kwikcity.fr,
338,BRICOCO,https://www.bricoco.com/,"Quickly find a handyman at home and make an appointment for free: painting, gardening, electricity, moving, plumbing and furniture assembly!"
339,Yubo,https://yubo.live/,
340,Vasa,https://vasa.fr,Trust the Vasa.fr team to find you the best offers of mutual or foresight
341,Urbidesk,https://www.urbidesk.com,"Easily find an office to share, in coworking or in a closed office. Work where you are in your city and anywhere else in 3 clicks."
342,Kwit,https://kwit.app/fr,"Start your smoke-free life today with Kwit, the number 1 app to quit smoking. Available on iOS and Android."
343,Winbids,https://www.winbids.fr,"Consultants innovation of consulting firms: Find the best in financing (cir, cii, jei,grants..), strategy and project management"
344,Liliwork,https://liliwork.fr,Take your job around the world and interact with cultures and communities that will energize your life and career forever.
345,Escapad,https://www.escapad.io/fr,
346,Marmots,https://www.les-marmots.fr,"Les Marmots: The 1st platform for children and 100% eco-responsible! Find our product selection: Recycling, Fait-Main, Made in France, Bio and Durable!"
347,Acollab,https://www.acollab.com/,"All your team's tools in the same collaborative platform: file management, collaborative messaging, shared agenda, project management..."
348,Seetymood,https://seetymood.com/,"The best atmospheres to go out in Paris in videos. Chope good deals and enjoy our selection of the best bars, clubs, food and events!"
349,Emplois,https://matchingemplois.com,
350,Abacchus,https://www.abacchus.com/,Learn how to taste wine with Abacchus. Discover our tasting boxes and our app to learn how to taste in a fun and educational way.
351,Maps,https://reliefmaps.io,"Relief Maps is an innovative gps and social app for adventurers. Trail Running, Hiking, Cycling...? Relief Maps is made for you!"
352,Blogueuses,https://lesblogueuses.fr/,Home V2 - Bloggers
353,SPYCIN,https://spycin.fr/,Spycin is a mobile app allowing teens around the world to instantly share their personal digital universe
354,SELL&SIGN,https://www.sellandsign.com/fr/,I use SELL&SIGN to get all my contracts signed at all speed! And you? I invite you to do a free trial!
355,Moja-audio,https://www.moja-audio.com,Get the best mix or mastering for your music by comparing several proposals from our community of audio engineers.
356,UGOFRESH,https://ugo-fresh.com/,Global digital platform that simplifies the supply of fruit & vegetables. Optimize and automate your trade.
357,evoluflor,https://www.evoluflor.fr/,Make your daily life easier with the non-commitment cashier software specially designed for florists by a florist in collaboration with the F.F.A.F.
358,Cooptalis,https://www.cooptalis.com/,"Platform to accompany expatriation and international mobility: jobs, immigration, housing and much more!"
359,Nannybag,https://www.nannybag.com,Find rental storage within a few clicks and enjoy your day - 100% Secured - Insurance included - Free cancellation - €6/24h
360,RéclameICI,https://www.reclameici.fr,The positive claim
361,Blockchainvest,https://blockchainvest.fr/,"Researchers and analysts specialized in blockchain technology. The team supports you in your investments on token, crypto-actives and others."
362,Program,https://www.talentprogram.fr/cabinet-recrutement-startup/,Looking for a Recruitment Office for Startup? Discover our comprehensive Recruitment + Talent Integration solution. Results Concrete Guarantees!
363,xPath,https://www.xpath.app/,"xPath is an innovative business management solution (freelance or SME). It allows you to manage CRA, Billing, Fee Notes, and offers you a serene environment to track your customers and employees (ERP and CRM)."
364,Event,https://www.lab-event.com/,"Discover Lab Event, the first SaaS software that brings together all the organizational needs of the event business"
365,Hoopop,https://hoopop.app,
366,FitAndView,https://apps.apple.com/fr/app/fitandview-fitness-en-visio/id1484108283,
367,Corsaires,https://lescorsaires.immo,Manage your own rentals!
368,Switfi,https://www.switfi.fr/,
369,JOOBA,https://www.jooba.io/,
370,Cessez-le-feu,https://cessezlefeu.com,"Consumers or companies: settle your disputes quickly and free of charge through collective mediation. Join, dialogue, it's settled!"
371,xLearn,https://xlearn.fr/,xLearn - Our HR solution supports you to boost the skills of your employees and your company
372,OnParticipe,https://www.onparticipe.fr/,Change the deal with OnParticipe! The online pool site that allows you to live your cups and organize your events.
373,E2VR,https://www.e2vr.io/,"Specialist made photorealistic, 3D configurator, virtual reality, augmented reality. Custom marketing tools. Boost your performance."
374,parfums,https://www.marcelledormoy.com/,"Marcelle Dormoy embodies a timeless audacity, that of undertaking. And establishes itself as a spokesperson for the female ambition. Each of the Waters of Parfum Marcelle Dormoy is an affirmation of its singularity. Fragrances are bold, and inspired by the personality all in facets of the femi"
375,LAB,https://ianthis.com,Welcome to our website! You can find information about our Cica Concentré product and make your purchases.
376,Insurly,https://insurly.fr,Save money by comparing insurance for professionals and individuals.
377,MagicPallet,https://www.magicpallet.com,"The exchange, purchase and sale of Europe pallets now possible online. Thanks to MagicPallet, exchange pallets wherever you want, whenever you want!"
378,Olga,https://www.askolga.fr/,"AskOlga understands, analyzes and sorts your data. Our mission? Facilitates the work of law professionals, their clients, companies, and supports you in your collaboration."
379,Shopping,https://www.mavillemonshopping.fr,Local and Participatory Trade: My City My Shopping
380,Bouillant!,https://www.bouillant.co,Bouillant! offers original and accessible culinary experiences among individuals.
381,BougeTonKid,https://www.bougetonkid.fr/,"Discoveries, Meetings and Family Outings"
382,Patrimonnaie,https://www.patrimonnaie.com,Your free study in less than 5 minutes. Find out how much you could earn by investing in real estate or financial support.
383,Job,https://tapnjob.com,
384,Business,https://hellomybusiness.fr,Become a self-entrepreneur in 2 min. SIRET guaranteed. Tailor-made support by experts 7/7. Treatment in 24 hours.
385,Wattapro,https://www.wattapro.com,The page you are looking for doesn't exist or has been moved.
386,Brigad,https://brigad.co/fr-FR,"Instantly find the best freelancers in the sector without having to look for them. Brigad takes care of everything, including billing and payment. The most flexible way to work."
387,Family,https://www.petcare-family.com/,
388,Whympr,https://www.whympr.com,Whympr App: Access descriptions of mountains and itineraries around the world with multilingual content: Access description of routes and mountains from all across the globe with multilingual content
389,Hood,https://robankhood.com,Robank Hood has created Deep Learning's first solution for financial markets and trading. Find out how artificial intelligence can serve finance.
390,OUIDROP,https://ouidrop.eu/,"Now every OIDROP system is equipped with a technology that automatically disinfects every locker after its use. An essential protection to protect employees of your company or visitors to your event. Close OUR CONCEPT OIDROP is a French company that has developed the first self-service locker solution, for businesses and places of interest.... HOME Read more """
391,Bicyclette,https://baguetteabicyclette.fr/,"Baguette in Bicyclette is a Lyon start-up that delivers fresh bread and pastries in the morning on demand, all by bike!"
392,Sipios,https://www.sipios.com/,Fintech Agency - Sipios develops in record time simple and secure applications that revolutionize finance!
393,Sediug,https://sediug.com,"Book your private French-language guide for a unique experience. An authentic, responsible trip with French speaking guide."
394,Responsable,https://dpilebureaueco-responsable.fr/,"As a player in the sale of reconditioned and new office furniture, DPI has been able to combine luxury furniture with competitive prices in an eco-responsible approach."
395,TesVoisins,https://www.tesvoisins.com,
396,MAKEZU,https://www.makezu.io/,AI-Prospecting Engine: Generate Business leads的 Are you looking to increase your customer base? Perhaps you like to generate more awareness for your brand? Makezu is a platform that helps companies find new customers on Twitter.
397,Gravipack,https://www.gravipack.com/,Gravipack Technology - Silver Medal Competition Prefect Lépine and Minister of Defence - Weight is confused on the center of gravity to be lightened and distributed on the back.
398,Appart,https://www.monbelappart.com,My Bel Appart is a digital real estate agency specialized in renting furnished property: visit and rent your next home.
399,Audio,https://store-mg.com,"M&G Audio wireless headphones will surprise you with sound quality, light and elegant design and range. They integrate the latest technologies, noise reduction, and are waterproof (totally for MG60 and water resistant for MG62) Welcome to our audio universe."
400,Morphée,https://www.morphee.co,"With Morpheus and his 200 Meditation and Sophrology Sessions, Easily sleep, Quickly sleep more deeply and Awake!"
401,Louis,https://allolouis.com/,Allo Louis is a help desk for seniors who connect them with students in their neighbourhood.
402,Dookids,https://dookids.fr,"Childcare has never been easier! With Dookids I can quickly find children to look after, a kindergarten assistant, a nanny or a babysitter."
403,Everry,https://everry.fr,Join a WebRTC video conference powered by the Jitsi Videobridge
404,Onstage,https://onstage.co,"The first platform for audiovisual professionals, for producers, artists and cultural technicians."
405,JOBOOKER,https://www.jobooker.com,"Jobooker Private Jobbing Portal & company able to meet your job request or work near you DIY, painter, hairdresser, gardener"
406,Avizio,https://www.avizio.fr,Avizio connects the best talents with the most beautiful tech and digital companies.
407,Greenkub,https://www.greenkub.fr/,"From 11 to 30m2 without building permit: Garden Studio, Pool House, Garden Office → from 19 500,00€ incl. VAT. RT 2012 and 15 year warranty."
408,TheBestJE,https://thebestje.com/,"Make use of students and resources from large schools free of charge and without commitment. TheBestJE is a platform for connecting companies and Junior-Enterprises. The Junior-Enterprises movement consists of more than 200 associations and 25,000 students in prestigious schools and universities in France."
409,MeetDeal,https://meetdeal.fr/,"Made in France and GDPR compliance we qualify the needs of auto, immo and work prospects. Our experts chat with your customers via the chat bubble, receive qualified leads with photo."
410,mycoocoon,https://www.mycoocoon.com,mycocoon is a multisensory colour well being agency and a colour solution provider
411,KIWI,https://www.diamantkiwi.fr/,
412,Lowpital,https://www.lowpital.com/a-propos,
413,Studio,https://learning.studio,"Learning Studio offers micro-training based on skills acquisition, with innovative pedagogy."
414,TrainMe,https://trainme.co/,To relax with his coach while staying at home... Sports online with our best sports coaches to motivate you in real time via video conferencing!
415,Moustache,https://www.bigmoustache.com/,Big Moustache expert in custom shaving delivered to you from €2.50 but also men's care
416,WeWard,https://www.weward.fr/,WeWard - Win money by walking
417,OuiCar,https://www.ouicar.fr/,
418,PopMoms,https://www.popmoms.fr/,"Popmoms connects parents who live in the same neighborhood and have children of the same age for a free exchange of services: carpooling, babysitting, barter,..."
419,Energies,https://www.arkolia-energies.com/,
420,Solikend,https://www.solikend.com,A unique solidarity concept made in Biarritz: the payment for your stay is 100% paid to the association of your choice. Discover a superb selection of citizen hotels!
421,Electroguide,https://www.electroguide.com,
422,Fiduce,https://fiduce.fr/,Real Estate Broker: The first blockchain-based platform. Know at any time at which stage your file is located step by step.
423,Coopeo,https://www.coopeo.fr,"Thanks to the Coopeo app, you can control your purchases, orders, negotiated rates, margins and ratios. Restaurant management has never been more complete, simple and fast."
424,éthi'Kdo,https://www.ethikdo.co/,"The first French gift card for 100% ethical, ecological, solidarity and responsible brands!"
425,dealburn,https://www.dealburn.fr,the search engine for destocking and repackaging
426,Digital,https://www.optidigital.fr/,"Tailor-made support in monetization of websites, optimization of advertising revenues, programmatic expertise."
427,MeilleursBiens,https://www.meilleursbiens.com,"Are you looking for a real estate property to buy or rent in France or around Paris? Are you looking for a real estate job? Would you like to become an independent agent in Paris and in the Paris region? Discover our job offers, our attractive remunerations and join our real estate network."
428,Doc,https://okaydoc.fr,Okay Doc is the first high-level research and expertise community dedicated to the digital transformation of companies.
429,Badakan,https://www.badakan.com/,Finding extra missions becomes easy with Badakan. With Badakan professionals decide when and where they want to work.
430,EnPantoufles,https://enpantoufles.com/,The EnPantoufles project helps you to live differently in 100% telework with job offers and a self-help community
431,VISIO-AVOCATS,https://www.visio-avocats.com,"Visio Lawyers, the solution to create secure video conferencing for lawyers. The digital tool of law firms"
432,Moovency,https://moovency.com/,"Moovency, created in November 2018, offers an exclusive software solution to capture the movements of your employees and measure, analyze the risks of TMS in real time"
433,Composcan,https://www.composcan.fr,
434,Homekonect,https://www.homekonect.fr,"Individual home builders, builders: need effective and intuitive site monitoring software for your customers and employees? Adopt Homekonect, the most comprehensive web and mobile application on the market that increases your customer satisfaction rate, recommendations, facilitates your processes and saves you time (and money)."
435,PHARMAnity,https://www.pharmanity.com,Pharmacy helps you find your health products at the best prices (drug and parapharmaceutical) in pharmacies near you.
436,Metiway,https://www.metiway.fr,"Metiway: the first job sharing platform. Video worksheets to discover the daily life of a trade, job offers and training..."
437,Cirkwi,https://wim.cirkwi.com/,"Cirkwi for professionals Use more than 3 000 000 tourist places and activities referenced or create your tours and places of interest all over the world to value your offers and destinations! Cirkwi solutions provide tools for creating and disseminating tourist routes, a database of more than one..."
438,PRO,https://rejoindre-plus-que-pro.fr/,
439,GlobeDreamers,https://globedreamers.com,"Financing your trip, making use of donations, giving news through the travel diary: tour of the world, humanitarian project or travel with friends... GlobeDreamers' tools help you realize your dream."
440,Zelty,https://zelty.fr/,
441,Flybot,https://flybot.me/,"Travel news and good deals. Find all the best information about the trip: studies, new trends, good deals"
442,BeesApps,https://www.beesapps.com/fr/beesapps/,"Easily manage your meetings, tasks, projects and team work with the Beesy collaborative platform and its intelligent assistant"
443,Love,https://www.whereyoulove.com/,When buying or renting Where You Love is the solution that finds for you the ideal accommodation
444,Nap&Up,https://nap-and-up.com/,"Specialist in micro-siest in business, Nap & Up has designed the perfect solution to make you gain in productivity & creativity at work!"
445,WiStim,https://www.wistim.com/,The application that accompanies you during your journey from LDC in order to have better follow-up with your doctor and reduce treatment errors.
446,exemplaires,https://30exemplaires.fr/,Discover our limited series collection of art photographs. Original signed and numbered print. Photo / Aluminium / Plexiglas prints. Gallery 30 copies! Limited edition of art photography.
447,ORGANICS,https://toopi-organics.com/,"Based in Gironde, Toopi Organics collects, transforms, and values human urine as products for agriculture and industry."
448,advisor,https://www.leadadvisor.fr/,"Are you looking for a security agency? Get your free quotes in 2 minutes on Lead Advisor Security for security officers, access control, video surveillance, or intrusion alarm."
449,fil,https://www.au-bout-du-fil.fr/,"Telemarketing and remote customer relationship agency in Homeshoring. We rely on homeshoring. Our agents work from home. The flexibility and quality of our services will bring you complete satisfaction. At the end of the wire supports your incoming calls, your BtoB teleprospection and the management of your back office (chat, email, networks...)"
450,KADOR,https://www.kador.io/,Entrepreneurs in residence to reinvent themselves.
451,Community,https://www.gloriacommunity.com/,Collective coaching workshops to help women succeed in their professional lives and awareness-raising workshops to build a more egalitarian world
452,Nalo,https://nalo.fr/,"Managing multiple projects, progressive security, reduced fees... Learn how Nalo helps you invest better to achieve your projects."
453,Alexyia,https://www.alexyia.io,A lead generator that allows you to deposit and acquire leads online to find new customers through the generation of leads B2b or Btob.
454,Plusse,https://www.plusse.co,"Plusse is the innovative real estate agency specializing in rental management offering hidden, affordable and digitalized free offers."
455,Makko,https://www.makko.fr,"Makko helps you build a unique & friendly workplace: cleaning, small works, fruit delivery, etc. Only 1 provider for more freedom!"
456,Ipregistry,https://ipregistry.co,"Build rental-aware apps and protect your business from bad actors with Ipregistry, the most reliable IP Geolocation service trusted by 5,000+ businesses."
457,SoUse,https://www.souse.fr,"Local consumption, responsible, solidarity, collaborative, circular... solutions already exist to meet the challenges of local sustainable development"
458,Talkspirit,https://www.talkspirit.com/,"talkspirit is a secure Enterprise Social Network for the workplace. Communicate, collaborate and connect in one familiar overview."
459,Réunio,https://www.reunio.fr/,"Réuniono is the web application that allows you to organize your corporate meetings. From the organization, to the agenda, to the minutes."
460,StopTCA,https://stoptca.fr,StopTCA Platform specializing in eating behaviour disorders. Accompaniment of people suffering from TCA and also their relatives.
461,Docteurs,https://urgencedocteurs.com/fr/,Do you need an emergency doctor? Would you like a medical opinion about your situation? Our doctors are available 24/7.
462,CODESNA,https://www.codesna.com/fr/,"CODESNA designs, assembles and markets solutions to measure physiological imbalances caused, among other things, by negative emotions."
463,Secursus,https://www.secursus.com,"Parcel insurance from Secursus is the easy way to insure your valuable carls. All carriers worldwide, high value coverage up to €100K."
464,Lepermislibre,https://www.lepermislibre.fr,"With our online auto-school, pass the road code and driver's license in your city. A cheaper online offer, without commitment."
465,ID,https://confort.id/,Home
466,Mobeep,https://www.mobeep.app,Free mobile app broadcasting a powerful Beep while ridding your favorite electric means of transport to make yourself heart
467,ScootyPark,https://www.scootypark.com,
468,BTP,https://www.matosbtp.com/,Matos BTP - Construction site rental followed by customer
469,Ville,https://www.bougemaville.com,"The mobile app for town halls and local authorities to report problems encountered in your city, in your street. Geolocation and categorization for sending directly to the right municipal technical service."
470,Synaplus,https://www.synaplus.com,
471,LeHibou,https://www.lehibou.com,All freelance IT consultants
472,français,https://jemangefrancais.com/,
473,Mael,https://www.mael.co,
474,Prune,https://prune.co,"First restaurant service for hotels, accommodation structure or kitchenless, offering prepared dishes in jars available everywhere in France. An innovative tasteful experience of organic terroir products composed by us. Prune offers a turnkey room service solution, arranged in connected corner or refrigerated showcase."
475,Libu,https://libu.fr,"QUALITY OF LIFE AT WORK Decreased stress, improved sleep. ENERGY ECONOMY On average 60% of energy savings compared to conventional lighting. FRANCAISE ENTERPRISE Located in Talence, near Bordeaux. The Libu luminaire The Libu luminaire is an LED slab that fits into your false ceilings. Simple installation and use, it... Read more"
476,Paris,https://pepite.paris,"Eco-responsible team cohesion workshops (meeting and teambuilding in Paris and distance): cooking lessons, floral art, calligraphy, escape game"
477,Corner,https://www.lecozycorner.com/,"The Cozy Corner gives a second life to your professional equipment by organizing ephemeral, physical and online sales, open to the general public."
478,Eustache,https://eustache.club,"Silver entrepreneur your new media, Eustache.club answers your problem regarding business creation, your career, your training or your needs. Eustache.club the new media to follow. Join us."
479,jeronimoooo,https://jeronimoooo.co,
480,Nahibu,https://nahibu.com/,Analyze your intestinal microbiota and discover our food tips to improve your health and rebalance your flora.
481,Frequens,https://www.frequens.com,Do you regularly take a ticket on PayByPhone? Sometimes you forget? You get a fine? It's over! Frequens automatically takes your tickets for you every day.
482,MIKRÔ,https://mikro-service.fr/,The collection solution to get rid of your professional bulky while giving them a second life. Fill in the online form and you will immediately receive a free quote.We will then intervene as soon as possible to get rid of what is bothering you!
483,Slice,https://slice.club/,Slice is an agency specializing in Facebook and Instagram advertising with strong ROI. Our experts have spent millions of euros on Facebook advertising to avoid costly mistakes.
484,Crisp,https://crisp.chat/fr/,"Discover our customer relationship management platform for startups and SMEs. A unique software for sales, marketing and support: Crisp. 14-day free trial. No credit card required. Try now! We provide a knowledge base, Team Inbox, Chatbot, CRM and many other features to allow you to create your own path to the success of your customers."
485,Metals-Industry,https://metals-industry.com,"Home Metals-Industry.com - For All Know, Buy All and Sell All in One Place and One Single Click - Metals-Industry.com - 1st MarketPlace for the Metal Industry in the World."
486,évolt,https://www.evolt.io,"évolt provides collaborative design tools like brainstorming, user persona, Customer journey map, storyboard, Moodboard, Empathy map and more."
487,Valise,https://voyagesmavalise.com,"Discover new destinations to get away from mass tourism. My Suitcase, a travel account to discover the world differently."
488,chasse,https://www.journeedechasse.com/,Book and offer hunting experiences everywhere in France!
489,Yokitup,https://www.yokitup.com,Yokitup is the complete restaurant management solution that offers you everything you need to drive your business simply and efficiently.
490,JeStockeMonBateau,https://www.jestockemonbateau.fr,"JeStockeMonBateau is the specialist in the storage of boats for individuals and professionals with insurance! The first platform in the world bringing together owners of a garden, shelter, box or garage, with boaters looking for a place to store their boat."
491,DigiReward,https://www.digireward.com,Generate and follow commitment on all points of physical and digital contact with your community... this is our letmotiv.
492,Coudrees,https://www.coudrees.com,
493,Balzeo,https://balzeo.com,"The Balzeo bottle slips into any bag and allows you to enjoy at any time a good hot coffee or a fresh lemonade. At the office, on holiday or in the gym: take it everywhere with you!"
494,OUPSMONTEL,https://www.oupsmontel.fr,Find the best phone repair deals on OUPSMONTEL.fr
495,OtherOffice,https://www.otheroffice.fr,"Specializing in Corporate Real Estate Strategy, OtherOffice is an Independent Consulting Agency in Business Real Estate in Paris and Île-de-France, which brings together all the professions of consulting and transaction at the service of companies."
496,KARMA,https://karma.jobs/,
497,Liebr,https://liebr.io/,"With Liebr, find the best mechanic for your motorcycle / scooter maintenance near you and at the right price!"
498,Naturicious,https://www.naturicious.com/fr/,"Naturicious CBD FRANCE, a French producer. Buy high quality CBD oil, cannabidiol extracts and 100% legal cannabis."
499,Enigmes,https://www.parisenigmes.com,Paris Énigmes is a mobile app for track games in Paris. This app will make you discover the history of France in a fun way.
